Workbook

Sheet Instructions
A1: S&H Steel - Nick Lortz Project Tracker
A2: Structure only - no project data loaded yet. Populate the log tabs directly.
A4: TABS IN THIS WORKBOOK
A6: Summary - Live dashboard rolled up by job. Pulls from every log tab by formula - do not type values directly into this tab.
A7: Job List - Master list of active jobs. This is the dropdown source for the Job Name column on every log tab. Add a job here first if it's missing, and it will show up as a dropdown choice everywhere.
A8: RFI Log - One row per RFI, open or closed.
A9: Submittal Log - One row per submittal package (shop/erection drawings, product data, etc.).
A10: Change Order Log - One row per CO / COR / SCO.
A11: Schedule-Lookahead - Schedule activities, tagged by lookahead type (48-Hour, 10-Day, 3-Week, 6-Week, or General). Use the Roadblock / Issue column to flag anything blocking progress - it feeds the Summary tab's Roadblocks count.
A12: Punch List - Closeout deficiency items.
A13: Fabrication Tracking - Shop status per piece mark / package.
A15: HOW TO USE
... A32: Punch List - "Days Open" runs from Date Identified until Date Closed (or today, if still open).

Sheet Summary
A1: S&H Steel - Nick Lortz Project Tracker
A2: Summary Dashboard | All figures pull live from the log tabs via formula
A4: Job Name | B4: Job # | C4: Open RFIs | D4: Overdue RFIs | E4: Open Submittals | F4: Overdue Submittals | G4: Pending COs | H4: Pending CO $ | I4: Open Punch Items | J4: Roadblocks Flagged
A5: ='Job List'!A2 -> Nick - TSMC Shade Structure - 26230 - JR | B5: ='Job List'!B2 -> 26230 | C5: =COUNTIFS('RFI Log'!$A$2:$A$301,$A5,'RFI Log'!$I$2:$I$301,"Open") -> 0 | D5: =COUNTIFS('RFI Log'!$A$2:$A$301,$A5,'RFI Log'!$L$2:$L$301,"OVERDUE") -> 0 | E5: =COUNTIFS('Submittal Log'!$A$2:$A$301,$A5,'Submittal Log'!$G$2:$G$301,"")-COUNTIFS('Submittal Log'!$A$2:$A$301,$A5,'Submittal Log'!$C$2:$C$301,"") -> 0 | F5: =COUNTIFS('Submittal Log'!$A$2:$A$301,$A5,'Submittal Log'!$I$2:$I$301,"OVERDUE") -> 0 | G5: =COUNTIFS('Change Order Log'!$A$2:$A$301,$A5,'Change Order Log'!$G$2:$G$301,"Pending")+COUNTIFS('Change Order Log'!$A$2:$A$301,$A5,'Change Order Log'!$G$2:$G$301,"Submitted") -> 0 | H5: =SUMIFS('Change Order Log'!$H$2:$H$301,'Change Order Log'!$A$2:$A$301,$A5,'Change Order Log'!$G$2:$G$301,"Pending")+SUMIFS('Change Order Log'!$H$2:$H$301,'Change Order Log'!$A$2:$A$301,$A5,'Change Order Log'!$G$2:$G$301,"Submitted") -> 0 | I5: =COUNTIFS('Punch List'!$A$2:$A$301,$A5,'Punch List'!$H$2:$H$301,"Open")+COUNTIFS('Punch List'!$A$2:$A$301,$A5,'Punch List'!$H$2:$H$301,"In Progress") -> 0 | J5: =COUNTIFS('Schedule-Lookahead'!$A$2:$A$301,$A5,'Schedule-Lookahead'!$H$2:$H$301,"<>") -> 0
A6: ='Job List'!A3 -> Nick - ALA Buckeye Phys. Ed Building - 25645 - JR | B6: ='Job List'!B3 -> 25645 | C6: =COUNTIFS('RFI Log'!$A$2:$A$301,$A6,'RFI Log'!$I$2:$I$301,"Open") -> 0 | D6: =COUNTIFS('RFI Log'!$A$2:$A$301,$A6,'RFI Log'!$L$2:$L$301,"OVERDUE") -> 0 | E6: =COUNTIFS('Submittal Log'!$A$2:$A$301,$A6,'Submittal Log'!$G$2:$G$301,"")-COUNTIFS('Submittal Log'!$A$2:$A$301,$A6,'Submittal Log'!$C$2:$C$301,"") -> 0 | F6: =COUNTIFS('Submittal Log'!$A$2:$A$301,$A6,'Submittal Log'!$I$2:$I$301,"OVERDUE") -> 0 | G6: =COUNTIFS('Change Order Log'!$A$2:$A$301,$A6,'Change Order Log'!$G$2:$G$301,"Pending")+COUNTIFS('Change Order Log'!$A$2:$A$301,$A6,'Change Order Log'!$G$2:$G$301,"Submitted") -> 0 | H6: =SUMIFS('Change Order Log'!$H$2:$H$301,'Change Order Log'!$A$2:$A$301,$A6,'Change Order Log'!$G$2:$G$301,"Pending")+SUMIFS('Change Order Log'!$H$2:$H$301,'Change Order Log'!$A$2:$A$301,$A6,'Change Order Log'!$G$2:$G$301,"Submitted") -> 0 | I6: =COUNTIFS('Punch List'!$A$2:$A$301,$A6,'Punch List'!$H$2:$H$301,"Open")+COUNTIFS('Punch List'!$A$2:$A$301,$A6,'Punch List'!$H$2:$H$301,"In Progress") -> 0 | J6: =COUNTIFS('Schedule-Lookahead'!$A$2:$A$301,$A6,'Schedule-Lookahead'!$H$2:$H$301,"<>") -> 0
A7: ='Job List'!A4 -> Nick - BIMC ED Expansion - 26179 - NA | B7: ='Job List'!B4 -> 26179 | C7: =COUNTIFS('RFI Log'!$A$2:$A$301,$A7,'RFI Log'!$I$2:$I$301,"Open") -> 0 | D7: =COUNTIFS('RFI Log'!$A$2:$A$301,$A7,'RFI Log'!$L$2:$L$301,"OVERDUE") -> 0 | E7: =COUNTIFS('Submittal Log'!$A$2:$A$301,$A7,'Submittal Log'!$G$2:$G$301,"")-COUNTIFS('Submittal Log'!$A$2:$A$301,$A7,'Submittal Log'!$C$2:$C$301,"") -> 0 | F7: =COUNTIFS('Submittal Log'!$A$2:$A$301,$A7,'Submittal Log'!$I$2:$I$301,"OVERDUE") -> 0 | G7: =COUNTIFS('Change Order Log'!$A$2:$A$301,$A7,'Change Order Log'!$G$2:$G$301,"Pending")+COUNTIFS('Change Order Log'!$A$2:$A$301,$A7,'Change Order Log'!$G$2:$G$301,"Submitted") -> 0 | H7: =SUMIFS('Change Order Log'!$H$2:$H$301,'Change Order Log'!$A$2:$A$301,$A7,'Change Order Log'!$G$2:$G$301,"Pending")+SUMIFS('Change Order Log'!$H$2:$H$301,'Change Order Log'!$A$2:$A$301,$A7,'Change Order Log'!$G$2:$G$301,"Submitted") -> 0 | I7: =COUNTIFS('Punch List'!$A$2:$A$301,$A7,'Punch List'!$H$2:$H$301,"Open")+COUNTIFS('Punch List'!$A$2:$A$301,$A7,'Punch List'!$H$2:$H$301,"In Progress") -> 0 | J7: =COUNTIFS('Schedule-Lookahead'!$A$2:$A$301,$A7,'Schedule-Lookahead'!$H$2:$H$301,"<>") -> 0
A8: ='Job List'!A5 -> Nick - Medina Station Phase 2 - 25372 - MC | B8: ='Job List'!B5 -> 25372 | C8: =COUNTIFS('RFI Log'!$A$2:$A$301,$A8,'RFI Log'!$I$2:$I$301,"Open") -> 0 | D8: =COUNTIFS('RFI Log'!$A$2:$A$301,$A8,'RFI Log'!$L$2:$L$301,"OVERDUE") -> 0 | E8: =COUNTIFS('Submittal Log'!$A$2:$A$301,$A8,'Submittal Log'!$G$2:$G$301,"")-COUNTIFS('Submittal Log'!$A$2:$A$301,$A8,'Submittal Log'!$C$2:$C$301,"") -> 0 | F8: =COUNTIFS('Submittal Log'!$A$2:$A$301,$A8,'Submittal Log'!$I$2:$I$301,"OVERDUE") -> 0 | G8: =COUNTIFS('Change Order Log'!$A$2:$A$301,$A8,'Change Order Log'!$G$2:$G$301,"Pending")+COUNTIFS('Change Order Log'!$A$2:$A$301,$A8,'Change Order Log'!$G$2:$G$301,"Submitted") -> 0 | H8: =SUMIFS('Change Order Log'!$H$2:$H$301,'Change Order Log'!$A$2:$A$301,$A8,'Change Order Log'!$G$2:$G$301,"Pending")+SUMIFS('Change Order Log'!$H$2:$H$301,'Change Order Log'!$A$2:$A$301,$A8,'Change Order Log'!$G$2:$G$301,"Submitted") -> 0 | I8: =COUNTIFS('Punch List'!$A$2:$A$301,$A8,'Punch List'!$H$2:$H$301,"Open")+COUNTIFS('Punch List'!$A$2:$A$301,$A8,'Punch List'!$H$2:$H$301,"In Progress") -> 0 | J8: =COUNTIFS('Schedule-Lookahead'!$A$2:$A$301,$A8,'Schedule-Lookahead'!$H$2:$H$301,"<>") -> 0
A9: ='Job List'!A6 -> Nick - ALA - Apache Junction - 25116 - MC | B9: ='Job List'!B6 -> 25116 | C9: =COUNTIFS('RFI Log'!$A$2:$A$301,$A9,'RFI Log'!$I$2:$I$301,"Open") -> 0 | D9: =COUNTIFS('RFI Log'!$A$2:$A$301,$A9,'RFI Log'!$L$2:$L$301,"OVERDUE") -> 0 | E9: =COUNTIFS('Submittal Log'!$A$2:$A$301,$A9,'Submittal Log'!$G$2:$G$301,"")-COUNTIFS('Submittal Log'!$A$2:$A$301,$A9,'Submittal Log'!$C$2:$C$301,"") -> 0 | F9: =COUNTIFS('Submittal Log'!$A$2:$A$301,$A9,'Submittal Log'!$I$2:$I$301,"OVERDUE") -> 0 | G9: =COUNTIFS('Change Order Log'!$A$2:$A$301,$A9,'Change Order Log'!$G$2:$G$301,"Pending")+COUNTIFS('Change Order Log'!$A$2:$A$301,$A9,'Change Order Log'!$G$2:$G$301,"Submitted") -> 0 | H9: =SUMIFS('Change Order Log'!$H$2:$H$301,'Change Order Log'!$A$2:$A$301,$A9,'Change Order Log'!$G$2:$G$301,"Pending")+SUMIFS('Change Order Log'!$H$2:$H$301,'Change Order Log'!$A$2:$A$301,$A9,'Change Order Log'!$G$2:$G$301,"Submitted") -> 0 | I9: =COUNTIFS('Punch List'!$A$2:$A$301,$A9,'Punch List'!$H$2:$H$301,"Open")+COUNTIFS('Punch List'!$A$2:$A$301,$A9,'Punch List'!$H$2:$H$301,"In Progress") -> 0 | J9: =COUNTIFS('Schedule-Lookahead'!$A$2:$A$301,$A9,'Schedule-Lookahead'!$H$2:$H$301,"<>") -> 0
A10: ='Job List'!A7 -> Nick - ASM Garage - 25395 - NA | B10: ='Job List'!B7 -> 25395 | C10: =COUNTIFS('RFI Log'!$A$2:$A$301,$A10,'RFI Log'!$I$2:$I$301,"Open") -> 0 | D10: =COUNTIFS('RFI Log'!$A$2:$A$301,$A10,'RFI Log'!$L$2:$L$301,"OVERDUE") -> 0 | E10: =COUNTIFS('Submittal Log'!$A$2:$A$301,$A10,'Submittal Log'!$G$2:$G$301,"")-COUNTIFS('Submittal Log'!$A$2:$A$301,$A10,'Submittal Log'!$C$2:$C$301,"") -> 0 | F10: =COUNTIFS('Submittal Log'!$A$2:$A$301,$A10,'Submittal Log'!$I$2:$I$301,"OVERDUE") -> 0 | G10: =COUNTIFS('Change Order Log'!$A$2:$A$301,$A10,'Change Order Log'!$G$2:$G$301,"Pending")+COUNTIFS('Change Order Log'!$A$2:$A$301,$A10,'Change Order Log'!$G$2:$G$301,"Submitted") -> 0 | H10: =SUMIFS('Change Order Log'!$H$2:$H$301,'Change Order Log'!$A$2:$A$301,$A10,'Change Order Log'!$G$2:$G$301,"Pending")+SUMIFS('Change Order Log'!$H$2:$H$301,'Change Order Log'!$A$2:$A$301,$A10,'Change Order Log'!$G$2:$G$301,"Submitted") -> 0 | I10: =COUNTIFS('Punch List'!$A$2:$A$301,$A10,'Punch List'!$H$2:$H$301,"Open")+COUNTIFS('Punch List'!$A$2:$A$301,$A10,'Punch List'!$H$2:$H$301,"In Progress") -> 0 | J10: =COUNTIFS('Schedule-Lookahead'!$A$2:$A$301,$A10,'Schedule-Lookahead'!$H$2:$H$301,"<>") -> 0
A11: ='Job List'!A8 -> Nick - ALA Aloravita - 26274 - JR | B11: ='Job List'!B8 -> 26274 | C11: =COUNTIFS('RFI Log'!$A$2:$A$301,$A11,'RFI Log'!$I$2:$I$301,"Open") -> 0 | D11: =COUNTIFS('RFI Log'!$A$2:$A$301,$A11,'RFI Log'!$L$2:$L$301,"OVERDUE") -> 0 | E11: =COUNTIFS('Submittal Log'!$A$2:$A$301,$A11,'Submittal Log'!$G$2:$G$301,"")-COUNTIFS('Submittal Log'!$A$2:$A$301,$A11,'Submittal Log'!$C$2:$C$301,"") -> 0 | F11: =COUNTIFS('Submittal Log'!$A$2:$A$301,$A11,'Submittal Log'!$I$2:$I$301,"OVERDUE") -> 0 | G11: =COUNTIFS('Change Order Log'!$A$2:$A$301,$A11,'Change Order Log'!$G$2:$G$301,"Pending")+COUNTIFS('Change Order Log'!$A$2:$A$301,$A11,'Change Order Log'!$G$2:$G$301,"Submitted") -> 0 | H11: =SUMIFS('Change Order Log'!$H$2:$H$301,'Change Order Log'!$A$2:$A$301,$A11,'Change Order Log'!$G$2:$G$301,"Pending")+SUMIFS('Change Order Log'!$H$2:$H$301,'Change Order Log'!$A$2:$A$301,$A11,'Change Order Log'!$G$2:$G$301,"Submitted") -> 0 | I11: =COUNTIFS('Punch List'!$A$2:$A$301,$A11,'Punch List'!$H$2:$H$301,"Open")+COUNTIFS('Punch List'!$A$2:$A$301,$A11,'Punch List'!$H$2:$H$301,"In Progress") -> 0 | J11: =COUNTIFS('Schedule-Lookahead'!$A$2:$A$301,$A11,'Schedule-Lookahead'!$H$2:$H$301,"<>") -> 0
A12: ='Job List'!A9 -> Nick - Capstone Tucson Student Housing - 24426 - JR | B12: ='Job List'!B9 -> 24426 | C12: =COUNTIFS('RFI Log'!$A$2:$A$301,$A12,'RFI Log'!$I$2:$I$301,"Open") -> 0 | D12: =COUNTIFS('RFI Log'!$A$2:$A$301,$A12,'RFI Log'!$L$2:$L$301,"OVERDUE") -> 0 | E12: =COUNTIFS('Submittal Log'!$A$2:$A$301,$A12,'Submittal Log'!$G$2:$G$301,"")-COUNTIFS('Submittal Log'!$A$2:$A$301,$A12,'Submittal Log'!$C$2:$C$301,"") -> 0 | F12: =COUNTIFS('Submittal Log'!$A$2:$A$301,$A12,'Submittal Log'!$I$2:$I$301,"OVERDUE") -> 0 | G12: =COUNTIFS('Change Order Log'!$A$2:$A$301,$A12,'Change Order Log'!$G$2:$G$301,"Pending")+COUNTIFS('Change Order Log'!$A$2:$A$301,$A12,'Change Order Log'!$G$2:$G$301,"Submitted") -> 0 | H12: =SUMIFS('Change Order Log'!$H$2:$H$301,'Change Order Log'!$A$2:$A$301,$A12,'Change Order Log'!$G$2:$G$301,"Pending")+SUMIFS('Change Order Log'!$H$2:$H$301,'Change Order Log'!$A$2:$A$301,$A12,'Change Order Log'!$G$2:$G$301,"Submitted") -> 0 | I12: =COUNTIFS('Punch List'!$A$2:$A$301,$A12,'Punch List'!$H$2:$H$301,"Open")+COUNTIFS('Punch List'!$A$2:$A$301,$A12,'Punch List'!$H$2:$H$301,"In Progress") -> 0 | J12: =COUNTIFS('Schedule-Lookahead'!$A$2:$A$301,$A12,'Schedule-Lookahead'!$H$2:$H$301,"<>") -> 0
A13: ='Job List'!A10 -> Nick - ALA AJ Seminary Building - 25443 | B13: ='Job List'!B10 -> 25443 | C13: =COUNTIFS('RFI Log'!$A$2:$A$301,$A13,'RFI Log'!$I$2:$I$301,"Open") -> 0 | D13: =COUNTIFS('RFI Log'!$A$2:$A$301,$A13,'RFI Log'!$L$2:$L$301,"OVERDUE") -> 0 | E13: =COUNTIFS('Submittal Log'!$A$2:$A$301,$A13,'Submittal Log'!$G$2:$G$301,"")-COUNTIFS('Submittal Log'!$A$2:$A$301,$A13,'Submittal Log'!$C$2:$C$301,"") -> 0 | F13: =COUNTIFS('Submittal Log'!$A$2:$A$301,$A13,'Submittal Log'!$I$2:$I$301,"OVERDUE") -> 0 | G13: =COUNTIFS('Change Order Log'!$A$2:$A$301,$A13,'Change Order Log'!$G$2:$G$301,"Pending")+COUNTIFS('Change Order Log'!$A$2:$A$301,$A13,'Change Order Log'!$G$2:$G$301,"Submitted") -> 0 | H13: =SUMIFS('Change Order Log'!$H$2:$H$301,'Change Order Log'!$A$2:$A$301,$A13,'Change Order Log'!$G$2:$G$301,"Pending")+SUMIFS('Change Order Log'!$H$2:$H$301,'Change Order Log'!$A$2:$A$301,$A13,'Change Order Log'!$G$2:$G$301,"Submitted") -> 0 | I13: =COUNTIFS('Punch List'!$A$2:$A$301,$A13,'Punch List'!$H$2:$H$301,"Open")+COUNTIFS('Punch List'!$A$2:$A$301,$A13,'Punch List'!$H$2:$H$301,"In Progress") -> 0 | J13: =COUNTIFS('Schedule-Lookahead'!$A$2:$A$301,$A13,'Schedule-Lookahead'!$H$2:$H$301,"<>") -> 0
A14: ='Job List'!A11 -> Nick - ALA Casa Grande - 25599 | B14: ='Job List'!B11 -> 25599 | C14: =COUNTIFS('RFI Log'!$A$2:$A$301,$A14,'RFI Log'!$I$2:$I$301,"Open") -> 0 | D14: =COUNTIFS('RFI Log'!$A$2:$A$301,$A14,'RFI Log'!$L$2:$L$301,"OVERDUE") -> 0 | E14: =COUNTIFS('Submittal Log'!$A$2:$A$301,$A14,'Submittal Log'!$G$2:$G$301,"")-COUNTIFS('Submittal Log'!$A$2:$A$301,$A14,'Submittal Log'!$C$2:$C$301,"") -> 0 | F14: =COUNTIFS('Submittal Log'!$A$2:$A$301,$A14,'Submittal Log'!$I$2:$I$301,"OVERDUE") -> 0 | G14: =COUNTIFS('Change Order Log'!$A$2:$A$301,$A14,'Change Order Log'!$G$2:$G$301,"Pending")+COUNTIFS('Change Order Log'!$A$2:$A$301,$A14,'Change Order Log'!$G$2:$G$301,"Submitted") -> 0 | H14: =SUMIFS('Change Order Log'!$H$2:$H$301,'Change Order Log'!$A$2:$A$301,$A14,'Change Order Log'!$G$2:$G$301,"Pending")+SUMIFS('Change Order Log'!$H$2:$H$301,'Change Order Log'!$A$2:$A$301,$A14,'Change Order Log'!$G$2:$G$301,"Submitted") -> 0 | I14: =COUNTIFS('Punch List'!$A$2:$A$301,$A14,'Punch List'!$H$2:$H$301,"Open")+COUNTIFS('Punch List'!$A$2:$A$301,$A14,'Punch List'!$H$2:$H$301,"In Progress") -> 0 | J14: =COUNTIFS('Schedule-Lookahead'!$A$2:$A$301,$A14,'Schedule-Lookahead'!$H$2:$H$301,"<>") -> 0
A15: ='Job List'!A12 -> Nick - ALA Casa Grande Field House and Classrooms - 25582 | B15: ='Job List'!B12 -> 25582 | C15: =COUNTIFS('RFI Log'!$A$2:$A$301,$A15,'RFI Log'!$I$2:$I$301,"Open") -> 0 | D15: =COUNTIFS('RFI Log'!$A$2:$A$301,$A15,'RFI Log'!$L$2:$L$301,"OVERDUE") -> 0 | E15: =COUNTIFS('Submittal Log'!$A$2:$A$301,$A15,'Submittal Log'!$G$2:$G$301,"")-COUNTIFS('Submittal Log'!$A$2:$A$301,$A15,'Submittal Log'!$C$2:$C$301,"") -> 0 | F15: =COUNTIFS('Submittal Log'!$A$2:$A$301,$A15,'Submittal Log'!$I$2:$I$301,"OVERDUE") -> 0 | G15: =COUNTIFS('Change Order Log'!$A$2:$A$301,$A15,'Change Order Log'!$G$2:$G$301,"Pending")+COUNTIFS('Change Order Log'!$A$2:$A$301,$A15,'Change Order Log'!$G$2:$G$301,"Submitted") -> 0 | H15: =SUMIFS('Change Order Log'!$H$2:$H$301,'Change Order Log'!$A$2:$A$301,$A15,'Change Order Log'!$G$2:$G$301,"Pending")+SUMIFS('Change Order Log'!$H$2:$H$301,'Change Order Log'!$A$2:$A$301,$A15,'Change Order Log'!$G$2:$G$301,"Submitted") -> 0 | I15: =COUNTIFS('Punch List'!$A$2:$A$301,$A15,'Punch List'!$H$2:$H$301,"Open")+COUNTIFS('Punch List'!$A$2:$A$301,$A15,'Punch List'!$H$2:$H$301,"In Progress") -> 0 | J15: =COUNTIFS('Schedule-Lookahead'!$A$2:$A$301,$A15,'Schedule-Lookahead'!$H$2:$H$301,"<>") -> 0
A16: ='Job List'!A13 -> Nick - Crosswalk Church - 24520 | B16: ='Job List'!B13 -> 24520 | C16: =COUNTIFS('RFI Log'!$A$2:$A$301,$A16,'RFI Log'!$I$2:$I$301,"Open") -> 0 | D16: =COUNTIFS('RFI Log'!$A$2:$A$301,$A16,'RFI Log'!$L$2:$L$301,"OVERDUE") -> 0 | E16: =COUNTIFS('Submittal Log'!$A$2:$A$301,$A16,'Submittal Log'!$G$2:$G$301,"")-COUNTIFS('Submittal Log'!$A$2:$A$301,$A16,'Submittal Log'!$C$2:$C$301,"") -> 0 | F16: =COUNTIFS('Submittal Log'!$A$2:$A$301,$A16,'Submittal Log'!$I$2:$I$301,"OVERDUE") -> 0 | G16: =COUNTIFS('Change Order Log'!$A$2:$A$301,$A16,'Change Order Log'!$G$2:$G$301,"Pending")+COUNTIFS('Change Order Log'!$A$2:$A$301,$A16,'Change Order Log'!$G$2:$G$301,"Submitted") -> 0 | H16: =SUMIFS('Change Order Log'!$H$2:$H$301,'Change Order Log'!$A$2:$A$301,$A16,'Change Order Log'!$G$2:$G$301,"Pending")+SUMIFS('Change Order Log'!$H$2:$H$301,'Change Order Log'!$A$2:$A$301,$A16,'Change Order Log'!$G$2:$G$301,"Submitted") -> 0 | I16: =COUNTIFS('Punch List'!$A$2:$A$301,$A16,'Punch List'!$H$2:$H$301,"Open")+COUNTIFS('Punch List'!$A$2:$A$301,$A16,'Punch List'!$H$2:$H$301,"In Progress") -> 0 | J16: =COUNTIFS('Schedule-Lookahead'!$A$2:$A$301,$A16,'Schedule-Lookahead'!$H$2:$H$301,"<>") -> 0
... A19: ='Job List'!A16 -> Nick - Skyport at Redfield - 25531 - NA | B19: ='Job List'!B16 -> 25531 | C19: =COUNTIFS('RFI Log'!$A$2:$A$301,$A19,'RFI Log'!$I$2:$I$301,"Open") -> 0 | D19: =COUNTIFS('RFI Log'!$A$2:$A$301,$A19,'RFI Log'!$L$2:$L$301,"OVERDUE") -> 0 | E19: =COUNTIFS('Submittal Log'!$A$2:$A$301,$A19,'Submittal Log'!$G$2:$G$301,"")-COUNTIFS('Submittal Log'!$A$2:$A$301,$A19,'Submittal Log'!$C$2:$C$301,"") -> 0 | F19: =COUNTIFS('Submittal Log'!$A$2:$A$301,$A19,'Submittal Log'!$I$2:$I$301,"OVERDUE") -> 0 | G19: =COUNTIFS('Change Order Log'!$A$2:$A$301,$A19,'Change Order Log'!$G$2:$G$301,"Pending")+COUNTIFS('Change Order Log'!$A$2:$A$301,$A19,'Change Order Log'!$G$2:$G$301,"Submitted") -> 0 | H19: =SUMIFS('Change Order Log'!$H$2:$H$301,'Change Order Log'!$A$2:$A$301,$A19,'Change Order Log'!$G$2:$G$301,"Pending")+SUMIFS('Change Order Log'!$H$2:$H$301,'Change Order Log'!$A$2:$A$301,$A19,'Change Order Log'!$G$2:$G$301,"Submitted") -> 0 | I19: =COUNTIFS('Punch List'!$A$2:$A$301,$A19,'Punch List'!$H$2:$H$301,"Open")+COUNTIFS('Punch List'!$A$2:$A$301,$A19,'Punch List'!$H$2:$H$301,"In Progress") -> 0 | J19: =COUNTIFS('Schedule-Lookahead'!$A$2:$A$301,$A19,'Schedule-Lookahead'!$H$2:$H$301,"<>") -> 0
A20: TOTAL | C20: =SUM(C5:C19) -> 0 | D20: =SUM(D5:D19) -> 0 | E20: =SUM(E5:E19) -> 0 | F20: =SUM(F5:F19) -> 0 | G20: =SUM(G5:G19) -> 0 | H20: =SUM(H5:H19) -> 0 | I20: =SUM(I5:I19) -> 0 | J20: =SUM(J5:J19) -> 0
A23: All zeros above are expected until the log tabs are populated with real project data.

Sheet Job List
A1: Job Name | B1: Job #
A2: Nick - TSMC Shade Structure - 26230 - JR | B2: 26230
A3: Nick - ALA Buckeye Phys. Ed Building - 25645 - JR | B3: 25645
A4: Nick - BIMC ED Expansion - 26179 - NA | B4: 26179
A5: Nick - Medina Station Phase 2 - 25372 - MC | B5: 25372
A6: Nick - ALA - Apache Junction - 25116 - MC | B6: 25116
A7: Nick - ASM Garage - 25395 - NA | B7: 25395
A8: Nick - ALA Aloravita - 26274 - JR | B8: 26274
A9: Nick - Capstone Tucson Student Housing - 24426 - JR | B9: 24426
A10: Nick - ALA AJ Seminary Building - 25443 | B10: 25443
A11: Nick - ALA Casa Grande - 25599 | B11: 25599
A12: Nick - ALA Casa Grande Field House and Classrooms - 25582 | B12: 25582
... A16: Nick - Skyport at Redfield - 25531 - NA | B16: 25531

Sheet RFI Log
A1: Job Name | B1: Job # | C1: RFI # | D1: Subject | E1: Date Submitted | F1: Response Due | G1: Date Answered | H1: Days Open | I1: Status | J1: Sent To | K1: Answer Summary | L1: Overdue? | M1: Notes
H2: =IF(E2="","",IF(G2<>"",G2-E2,TODAY()-E2)) | L2: =IF(AND(I2="Open",F2<>"",TODAY()>F2),"OVERDUE","")
H3: =IF(E3="","",IF(G3<>"",G3-E3,TODAY()-E3)) | L3: =IF(AND(I3="Open",F3<>"",TODAY()>F3),"OVERDUE","")
H4: =IF(E4="","",IF(G4<>"",G4-E4,TODAY()-E4)) | L4: =IF(AND(I4="Open",F4<>"",TODAY()>F4),"OVERDUE","")
H5: =IF(E5="","",IF(G5<>"",G5-E5,TODAY()-E5)) | L5: =IF(AND(I5="Open",F5<>"",TODAY()>F5),"OVERDUE","")
H6: =IF(E6="","",IF(G6<>"",G6-E6,TODAY()-E6)) | L6: =IF(AND(I6="Open",F6<>"",TODAY()>F6),"OVERDUE","")
H7: =IF(E7="","",IF(G7<>"",G7-E7,TODAY()-E7)) | L7: =IF(AND(I7="Open",F7<>"",TODAY()>F7),"OVERDUE","")
H8: =IF(E8="","",IF(G8<>"",G8-E8,TODAY()-E8)) | L8: =IF(AND(I8="Open",F8<>"",TODAY()>F8),"OVERDUE","")
H9: =IF(E9="","",IF(G9<>"",G9-E9,TODAY()-E9)) | L9: =IF(AND(I9="Open",F9<>"",TODAY()>F9),"OVERDUE","")
H10: =IF(E10="","",IF(G10<>"",G10-E10,TODAY()-E10)) | L10: =IF(AND(I10="Open",F10<>"",TODAY()>F10),"OVERDUE","")
H11: =IF(E11="","",IF(G11<>"",G11-E11,TODAY()-E11)) | L11: =IF(AND(I11="Open",F11<>"",TODAY()>F11),"OVERDUE","")
H12: =IF(E12="","",IF(G12<>"",G12-E12,TODAY()-E12)) | L12: =IF(AND(I12="Open",F12<>"",TODAY()>F12),"OVERDUE","")
H13: =IF(E13="","",IF(G13<>"",G13-E13,TODAY()-E13)) | L13: =IF(AND(I13="Open",F13<>"",TODAY()>F13),"OVERDUE","")
... H301: =IF(E301="","",IF(G301<>"",G301-E301,TODAY()-E301)) | L301: =IF(AND(I301="Open",F301<>"",TODAY()>F301),"OVERDUE","")

Sheet Submittal Log
A1: Job Name | B1: Job # | C1: Package / Item | D1: Stage | E1: Date Sent | F1: Due Date | G1: Date Returned | H1: Days Open | I1: Overdue? | J1: Status | K1: Notes
H2: =IF(E2="","",IF(G2<>"",G2-E2,TODAY()-E2)) | I2: =IF(AND(G2="",F2<>"",TODAY()>F2),"OVERDUE","")
H3: =IF(E3="","",IF(G3<>"",G3-E3,TODAY()-E3)) | I3: =IF(AND(G3="",F3<>"",TODAY()>F3),"OVERDUE","")
H4: =IF(E4="","",IF(G4<>"",G4-E4,TODAY()-E4)) | I4: =IF(AND(G4="",F4<>"",TODAY()>F4),"OVERDUE","")
H5: =IF(E5="","",IF(G5<>"",G5-E5,TODAY()-E5)) | I5: =IF(AND(G5="",F5<>"",TODAY()>F5),"OVERDUE","")
H6: =IF(E6="","",IF(G6<>"",G6-E6,TODAY()-E6)) | I6: =IF(AND(G6="",F6<>"",TODAY()>F6),"OVERDUE","")
H7: =IF(E7="","",IF(G7<>"",G7-E7,TODAY()-E7)) | I7: =IF(AND(G7="",F7<>"",TODAY()>F7),"OVERDUE","")
H8: =IF(E8="","",IF(G8<>"",G8-E8,TODAY()-E8)) | I8: =IF(AND(G8="",F8<>"",TODAY()>F8),"OVERDUE","")
H9: =IF(E9="","",IF(G9<>"",G9-E9,TODAY()-E9)) | I9: =IF(AND(G9="",F9<>"",TODAY()>F9),"OVERDUE","")
H10: =IF(E10="","",IF(G10<>"",G10-E10,TODAY()-E10)) | I10: =IF(AND(G10="",F10<>"",TODAY()>F10),"OVERDUE","")
H11: =IF(E11="","",IF(G11<>"",G11-E11,TODAY()-E11)) | I11: =IF(AND(G11="",F11<>"",TODAY()>F11),"OVERDUE","")
H12: =IF(E12="","",IF(G12<>"",G12-E12,TODAY()-E12)) | I12: =IF(AND(G12="",F12<>"",TODAY()>F12),"OVERDUE","")
H13: =IF(E13="","",IF(G13<>"",G13-E13,TODAY()-E13)) | I13: =IF(AND(G13="",F13<>"",TODAY()>F13),"OVERDUE","")
... H301: =IF(E301="","",IF(G301<>"",G301-E301,TODAY()-E301)) | I301: =IF(AND(G301="",F301<>"",TODAY()>F301),"OVERDUE","")

Sheet Change Order Log
A1: Job Name | B1: Job # | C1: CO / COR # | D1: Description | E1: Date Submitted | F1: Date Approved | G1: Status | H1: Amount | I1: Schedule Impact (days) | J1: Days Pending | K1: Notes
J2: =IF(E2="","",IF(F2<>"",F2-E2,TODAY()-E2))
J3: =IF(E3="","",IF(F3<>"",F3-E3,TODAY()-E3))
J4: =IF(E4="","",IF(F4<>"",F4-E4,TODAY()-E4))
J5: =IF(E5="","",IF(F5<>"",F5-E5,TODAY()-E5))
J6: =IF(E6="","",IF(F6<>"",F6-E6,TODAY()-E6))
J7: =IF(E7="","",IF(F7<>"",F7-E7,TODAY()-E7))
J8: =IF(E8="","",IF(F8<>"",F8-E8,TODAY()-E8))
J9: =IF(E9="","",IF(F9<>"",F9-E9,TODAY()-E9))
J10: =IF(E10="","",IF(F10<>"",F10-E10,TODAY()-E10))
J11: =IF(E11="","",IF(F11<>"",F11-E11,TODAY()-E11))
J12: =IF(E12="","",IF(F12<>"",F12-E12,TODAY()-E12))
J13: =IF(E13="","",IF(F13<>"",F13-E13,TODAY()-E13))
... J301: =IF(E301="","",IF(F301<>"",F301-E301,TODAY()-E301))

Sheet Schedule-Lookahead
A1: Job Name | B1: Job # | C1: Activity | D1: Lookahead Type | E1: Planned Start | F1: Planned Finish | G1: Status | H1: Roadblock / Issue | I1: Notes

Sheet Punch List
A1: Job Name | B1: Job # | C1: Item # | D1: Description | E1: Location | F1: Date Identified | G1: Responsible Party | H1: Status | I1: Date Closed | J1: Days Open | K1: Notes
J2: =IF(F2="","",IF(I2<>"",I2-F2,TODAY()-F2))
J3: =IF(F3="","",IF(I3<>"",I3-F3,TODAY()-F3))
J4: =IF(F4="","",IF(I4<>"",I4-F4,TODAY()-F4))
J5: =IF(F5="","",IF(I5<>"",I5-F5,TODAY()-F5))
J6: =IF(F6="","",IF(I6<>"",I6-F6,TODAY()-F6))
J7: =IF(F7="","",IF(I7<>"",I7-F7,TODAY()-F7))
J8: =IF(F8="","",IF(I8<>"",I8-F8,TODAY()-F8))
J9: =IF(F9="","",IF(I9<>"",I9-F9,TODAY()-F9))
J10: =IF(F10="","",IF(I10<>"",I10-F10,TODAY()-F10))
J11: =IF(F11="","",IF(I11<>"",I11-F11,TODAY()-F11))
J12: =IF(F12="","",IF(I12<>"",I12-F12,TODAY()-F12))
J13: =IF(F13="","",IF(I13<>"",I13-F13,TODAY()-F13))
... J301: =IF(F301="","",IF(I301<>"",I301-F301,TODAY()-F301))

Sheet Fabrication Tracking
A1: Job Name | B1: Job # | C1: Piece Mark / Package | D1: Shop Status | E1: Date Released to Fab | F1: Date Complete | G1: Date Shipped | H1: Notes
